,title,keyword
0,방통기자재 성적서 위조 381곳 적발…DJI·화웨이·삼성전자 등,삼성전자
1,[종합] 시험성적위조 전파인증 논란…삼성·화웨이 가해자·피해자?,삼성전자
2,"오프라 윈프리, 연말 선물로 삼성전자 더 테라스 TV 추천",삼성전자
3,"화웨이·삼성전자 등 381곳, 적합성평가 시험성적서 위조 사례 적발",삼성전자
4,"삼성폰, 애플 제치고 美 1위",삼성전자
5,"삼성전자 미생물 시험소 확보, 제품 냄새·곰팡이까지 잡는다",삼성전자
6,"삼성 준법위 첫 외부 평가, 3인 전문위원 손에 달렸다(종합)",삼성전자
7,"“삼성전자 등 35개 파트너와 5G·엣지 공략”…IBM, 통신 클라우드 강화",삼성전자
8,"삼성, '애플 본진' 북미서 3분기 스마트폰 1위",삼성전자
9,"삼성전자, TV판 언팩 '퍼스트룩' 온라인으로 만난다",삼성전자
10,"삼성전자, 이번엔 '6만전자 징크스' 깰까",삼성전자
11,"삼성, 3분기 미국 스마트폰 시장 1위...LG는 3위",삼성전자
12,"삼성전자, 제품 냄새·곰팡이 원인까지 직접 잡는다",삼성전자
13,"삼성보다 앞섰다…미국 마이크론, 176단 낸드 양산 발표",삼성전자
14,"IBM, 통신산업 전용 클라우드 발표…삼성 등 30여개 파트너와 협력",삼성전자
15,삼성을 이어받기 위한 이재용의 험난한 모험,삼성전자
16,"삼성전자, 애플 안방 미국서 스마트폰 1위 차지",삼성전자
17,'삼성 준법감시' 전문위원단 구성…특검-재판부 또 충돌(종합),삼성전자
18,"이재용, ‘국정농단’ 재판 출석…‘삼성 준법감시위’ 평가단 구성",삼성전자
19,"특허청, 삼성전자 관련 협력업체 간 특허 탈취 의혹 수사 착수",삼성전자
20,"美 바이든 시대, 삼성·LG·SK 큰손 '反 화웨이 전략' 유지할까",삼성전자
21,"검찰, '삼성바이오 분식회계' 의혹 삼정회계법인 기소",삼성전자
22,이재용 10개월만에 파기환송심 출두…사법리스크 재개된 삼성,삼성전자
23,"인간 수준 AI 가능하냐고요? 삼성 부사장은 ""YES""",삼성전자
24,이재용 삼성전자 부회장 '국정농단 파기환송심' 재판 출석,삼성전자
25,"삼성전자, 창립 51주년 기념식 진행",삼성전자
26,[Who Is ?] 진교영 삼성전자 메모리사업부장 사장,삼성전자
27,"'사법 리스크' 희비 갈린 삼성그룹주.. 삼성전자↑, 삼성바이오로직스↓",삼성전자
28,"삼성전자, 글로벌 협력사 통합 지원 플랫폼 개설",삼성전자
29,화웨이·삼성 등 국내외 381개 업체 '방통기자재 성적서 위조' 적발,삼성전자
30,[오늘 기업 오늘 사람] 넥스테라·삼성·쌍용차·포스코,삼성전자
31,"오프라 윈프리, 연말 선물에 삼성전자 더 테라스 TV 추천",삼성전자
32,삼성·SK 등 수출기업 환율비상…수천억 날아갈판,삼성전자
33,"검찰, '삼성바이오 회계부정' 삼정회계법인·회계사 기소",삼성전자
34,"""ICT기업보다 더 ICT답게"" 약속 지킨 정의선…현대차·삼성 최강조합 나올까 ...",삼성전자
35,한국의 삼성을 세계의 삼성으로 만든 이건희,삼성전자
36,"외국매체 ""삼성전자, 화웨이 점유율 차지 위해 갤럭시S21 조기출시""",삼성전자
37,"삼성전자 '에코라이프랩', 글로벌 인증기관에서 미생물 시험소 인증",삼성전자
38,‘삼성 준법감시위’ 평가 전문위원에 강일원-홍순탁-김경수 지정,삼성전자
39,"삼성전자 '에코라이프랩', 글로벌 인증기관에서 미생물 시험소 인증",삼성전자
40,"바이든 ""반도체 생산에 미국인 투입""…삼성 美 파운드리 영토 더 넓힌다",삼성전자
41,"윤관석 정무위원장 ""삼성생명법 이번 정기국회 추진은 생각해 봐야""",삼성전자
42,삼성 준법감시 평가 3人에 강일원·김경수·홍순탁,삼성전자
43,"마이크론, 고성능 176단 낸드 삼성전자에 앞서 출하",삼성전자
44,"삼성전자, 독일 TUV 라인란드 미생물 시험소로 지정",삼성전자
45,"삼성전자 '에코라이프랩', 글로벌 미생물 시험소 지정",삼성전자
46,이재용 삼성 부회장 오늘 '국정농단' 재판 나온다,삼성전자
47,삼성폰 美시장 3Q 점유율 1위…13분기 만에 애플 꺾어,삼성전자
48,"삼성전자 '에코라이프랩', 글로벌 인증기관서 미생물 시험소 인증",삼성전자
49,법정 향하는 이재용 삼성전자 부회장,삼성전자
50,‘삼성 준법감시위’ 평가 돌입…실효성 인정받을까,삼성전자
51,‘삼성 준법감시 점검’ 전문심리위원에 강일원·홍순탁·김경수 지정,삼성전자
52,삼성 준법감시위 '심리위원' 놓고 특검-재판부 또 충돌,삼성전자
53,"삼성전자 '에코라이프랩', 글로벌 인증기관에서 미생물 시험소 인증",삼성전자
54,"검찰, 삼성바이오로직스 '분식회계' 가담 회계법인 기소",삼성전자
55,"삼성전자, 3분기 美 스마트폰 시장 1위… 3년 만에 애플 제쳐",삼성전자
56,"삼성전자, 글로벌 인증기관서 미생물 시험소 인증 받았다",삼성전자
57,"삼성전자 '에코라이프랩', 글로벌 인증기관에서 미생물 시험소 인증",삼성전자
58,"삼성전자 에코라이프랩, 독일 TUV 라인란드서 'ISO 22196·846' 인증 획득",삼성전자
59,이재용 삼성전자 부회장 법원 출석,삼성전자
60,"삼성 갤럭시, 美서 아이폰 잡았다",삼성전자
61,"삼성 에코라이프랩, TUV라인란드 미생물 시험소 인증 획득",삼성전자
62,재판 마친 이재용 삼성전자 부회장,삼성전자
63,"삼성전자, '에코라이프랩' 글로벌 인증기관에서 미생물 시험소 인증",삼성전자
64,"LCD 패널가 고공행진…삼성·LGD ""이게 얼마만이냐""",삼성전자
65,"""곰팡이·알레르기 OUT""...삼성전자 미생물 시험소 인증",삼성전자
66,美 본토 휩쓴 삼성전자…애플 '아이폰' 누르고 1위로 '우뚝',삼성전자
67,"삼성전자, 보급형 갤럭시폰에도 '원UI 3.0' 제공? 업데이트 목록 유출",삼성전자
68,"[뉴스투데이 E] 삼성전자 환경분석랩 후신, '에코라이프랩', 미생물 시험소 인...",삼성전자
69,법정으로 향하는 이재용 삼성전자 부회장,삼성전자
70,삼성전자 '에코라이프랩'…글로벌 기관 인증 '미생물 시험소' 지정,삼성전자
71,지배구조 안정·상속세 마련… 삼성 역대급 배당잔치 예고 ['뉴 삼성' 이재용...,삼성전자
72,"검찰, ‘삼성바이오 회계부정’ 연루 삼정회계법인 기소",삼성전자
73,삼성전자 주가따라 채권 비중 조절… 연 4~5% 수익률 추구 [이런 펀드 어때요...,삼성전자
74,"사나폰, '갤럭시노트20·갤럭시노트9' 삼성 노트시리즈 할인판매",삼성전자
75,[SPECIAL REPORT(2) 스타트업 생태계 구축하는 삼성전자 C랩] 이재용 부회장의...,삼성전자
76,"삼성, 3분기 전 세계 스마트폰 1위…미국서도 3년 만에 애플 제치고 1위 탈환",삼성전자
77,서로 답답하다는 특검·재판부…'삼성 준법 평가' 전문위원 확정,삼성전자
78,"삼성전자 '에코라이프랩', 글로벌 인증기관서 '미생물 시험소' 인증",삼성전자
79,"""정체된 LCD 시장 돌파구""…삼성·LG電, 내년 '미니 LED TV' 출격",삼성전자
80,"삼성디스플레이, 전세기 띄워 인도 공장에 직원 100여명 투입",삼성전자
81,"삼성 에코라이프랩, 글로벌 인증기관서 미생물 시험소 인증",삼성전자
82,삼성준법위 심리위원 지정 놓고 날선 공방···이복현 법정 떠나,삼성전자
83,법정 향하는 박상진 전 삼성전자 사장,삼성전자
84,법정 향하는 박상진 전 삼성전자 사장,삼성전자
85,"삼성전자, 항균력 평가 기술도 으뜸",삼성전자
86,올해 글로벌 반도체M&A 1천억불...삼성전자는 무얼 노릴까,삼성전자
87,바이드노믹스 효과…삼성·LG그룹 웃다,삼성전자
88,법원 향하는 황성수 전 삼성전자 전무,삼성전자
89,황성수 전 삼성전자 전무 '법정으로',삼성전자
90,"삼성 준법위, 내년 초 삼성 계열사 7곳 최고 경영진 만난다",삼성전자
91,[정세희의 현장에서] 당연하지 않은 삼성의 1등,삼성전자
92,[바이든 시대] 바이든도 화웨이 제재 가능성... 삼성 반도체·스마트폰 영향은...,삼성전자
93,"용인시 기흥구 서농동 , 삼성전자 기흥캠퍼스 내 현장 민원실 이전",삼성전자
94,[포토]차에서 내리는 이재용 삼성전자 부회장,삼성전자
95,애플 안방 차지한 삼성 '갤럭시'…비결은 'S·N·S',삼성전자
96,[故 이건희 삼성 회장 추모] 초일류 DNA 심어준 기업인 이건희 바로보기,삼성전자
97,"석탄 버린 삼성물산, 배경은 'RE100'",삼성전자
98,최지성 전 삼성전자 미래전략실장 법원 도착,삼성전자
99,최지성 전 삼성전자 미래전략실장 '법정으로',삼성전자
100,[Who Is ?] 진교영 삼성전자 메모리사업부장 사장,삼성전자
101,"삼성전자, '에코라이프랩' 미생물 시험소 글로벌 인증",삼성전자
102,"삼성, 13분기 만에 美서 애플 제치고 1위…화웨이도 멀찍이",삼성전자
103,"삼성전자 ‘에코라이프랩’, 미생물 시험소 인증",삼성전자
104,삼성전자 美시장에서 애플 제치고 스마트폰 점유율 1위 기록,삼성전자
105,"삼성전자, 美 스마트폰 시장서 3년 만에 1위 '탈환'",삼성전자
106,"삼성전자, 글로벌 인증기관서 ‘미생물 시험소’ 인증",삼성전자
107,"'사법 리스크' 희비 갈린 삼성그룹주.. 삼성전자↑, 삼성바이오로직스↓",삼성전자
108,"삼성전자, 글로벌 협력사 통합 지원 플랫폼 개설",삼성전자
109,삼성바이오로직스 분식회계 가담 혐의 삼성KPMG‧회계사 기소,삼성전자
110,삼성전자 '에코라이프랩' 글로벌 인증기관서 미생물 시험소 인증,삼성전자
111,"삼성전자 '에코라이프랩', 글로벌 인증기관에서 미생물 시험소 인증",삼성전자
112,아이폰 빈자리 공략한 삼성…美 스마트폰 시장 3분기 점유율 1위,삼성전자
113,"삼성전자, 애플 안마당인 미국 스마트폰 시장서 1위 차지",삼성전자
114,"삼성전자, 글로벌 협력사 통합 지원 플랫폼 개설",삼성전자
115,삼성바이오로직스 분식회계 가담 혐의 삼성KPMG‧회계사 기소,삼성전자
116,화웨이·삼성 등 국내외 381개 업체 '방통기자재 성적서 위조' 적발,삼성전자
117,재판부 '삼성 준법감시 평가' 전문위원 지정…양측 반발,삼성전자
118,"이재용, ‘국정농단’ 재판 출석…‘삼성 준법감시위’ 평가단 구성",삼성전자
119,화웨이·삼성 등 '방통기자재 성적서 위조' 국내외 381개 업체 적발,삼성전자
120,재판부 '삼성 준법감시 평가' 전문위원 지정…양측 반발,삼성전자
121,"삼성전자 '에코라이프랩', 독일 인증기관서 미생물 시험소 인증",삼성전자
122,"이재용, ‘국정농단’ 재판 출석…‘삼성 준법감시위’ 평가단 구성",삼성전자
123,화웨이·삼성 등 '방통기자재 성적서 위조' 국내외 381개 업체 적발,삼성전자
124,"삼성전자 '에코라이프랩', 글로벌 인증기관에서 미생물 시험소 인증",삼성전자
125,[기업] 삼성전자 '에코 라이프 랩' 미생물 시험소 인증받아,삼성전자
126,[오늘 기업 오늘 사람] 넥스테라·삼성·쌍용차·포스코,삼성전자
127,"삼성, 미국 스마트폰시장 1위…3년만에 애플 제쳐",삼성전자
128,"삼성, '애플'의 땅 미국서 아이폰 제치고 1위… 3분기 처음",삼성전자
129,"오프라 윈프리, 연말 선물에 삼성전자 더 테라스 TV 추천",삼성전자
130,[오늘 기업 오늘 사람] 넥스테라·삼성·쌍용차·포스코,삼성전자
131,"삼성, 미국 스마트폰시장 1위…3년만에 애플 제쳐",삼성전자
132,"삼성전자 '에코라이프랩', 글로벌 인증기관에서 미생물 시험소 인증",삼성전자
133,"삼성 준법감시위 점검 받는다… 재판부, 전문심리위원 추가 지정",삼성전자
134,"이재용, ‘국정농단’ 재판 출석…‘삼성 준법감시위’ 평가단 구성",삼성전자
135,"삼성, '애플'의 땅 미국서 아이폰 제치고 1위… 3분기 처음",삼성전자
136,"삼성전자 에코라이프랩, 글로벌 미생물 시험소 지정",삼성전자
137,"오프라 윈프리, 연말 선물에 삼성전자 더 테라스 TV 추천",삼성전자
138,이재용 부회장 이어 ‘삼성바이오(삼바) 분식회계’ 의혹 회계사도 기소,삼성전자
139,"“삼성·SK보다 높다”…美 마이크론, 176단 낸드 출시",삼성전자
140,"삼성전자, 美 스마트폰 시장서 점유율 1위… 애플·LG전자 뒤이어",삼성전자
141,"삼성전자 '에코라이프랩', 글로벌 인증기관에서 미생물 시험소 인증",삼성전자
142,이재용 부회장 이어 ‘삼성바이오(삼바) 분식회계’ 의혹 회계사도 기소,삼성전자
143,"“삼성·SK보다 높다”…美 마이크론, 176단 낸드 출시",삼성전자
144,삼성·SK 등 수출기업 환율비상…수천억 날아갈판,삼성전자
145,"이재용 재판부, 삼성준법감시위 실효성 판단할 평가위원 추가 지정",삼성전자
146,"검찰, '삼성바이오 회계부정' 삼정회계법인·회계사 기소",삼성전자
147,"애플 안방서 ‘반짝’ 1위 삼성폰, 4분기는?",삼성전자
148,"""ICT기업보다 더 ICT답게"" 약속 지킨 정의선…현대차·삼성 최강조합 나올까 ...",삼성전자
149,"삼성전자 연구기관 에코라이프랩, 미생물시험 전문성 국제 인증받아",삼성전자
150,"검찰, '삼성바이오 회계부정' 삼정회계법인·회계사 기소",삼성전자
151,"삼성전자 '에코라이프랩', 미생물 시험소 인증…""제품 냄새와 곰팡이까지 잡는...",삼성전자
152,"삼성전자, 미국서 3년 만에 애플 제쳤다",삼성전자
153,"애플 안방서 ‘반짝’ 1위 삼성폰, 4분기는?",삼성전자
154,"""ICT기업보다 더 ICT답게"" 약속 지킨 정의선…현대차·삼성 최강조합 나올까 ...",삼성전자
155,"삼성 준법감시위, '참여연대' 홍순탁씨 등 3명 평가 전문위원으로 지정",삼성전자
156,"삼성전자 연구기관 에코라이프랩, 미생물시험 전문성 국제 인증받아",삼성전자
157,한국의 삼성을 세계의 삼성으로 만든 이건희,삼성전자
158,"애플 제쳤다…삼성, 美 스마트폰 시장·글로벌 점유율 1위",삼성전자
159,"외국매체 ""삼성전자, 화웨이 점유율 차지 위해 갤럭시S21 조기출시""",삼성전자
160,"애플 제쳤다…삼성, 美 스마트폰 시장·글로벌 점유율 1위",삼성전자
161,"외국매체 ""삼성전자, 화웨이 점유율 차지 위해 갤럭시S21 조기출시""",삼성전자
162,"삼성전자 에코라이프랩, 미생물 시험소로 지정",삼성전자
163,"삼성전자, 항균·항곰팡이 성능 공신력 확보",삼성전자
164,"삼성전자 '에코라이프랩', 글로벌 인증기관에서 미생물 시험소 인증",삼성전자
165,"검찰, ‘삼성바이오 분식회계’ 삼정KPMG 및 회계사 기소",삼성전자
166,"삼성, 애플 제치고 3년 만에 美 스마트폰 시장 1위...점유율 34%",삼성전자
167,"재판부, 삼성준법감시위 전문심리위원 '강일원·김경수·홍순탁' 지정",삼성전자
168,삼성 준법감시 평가 전문위원에 강일원 전 헌법재판관 등 3명 지정,삼성전자
169,무노조 경영 종식 선언에도..삼성 노사관계 ‘파열음’ 지속,삼성전자
170,"삼성전자, 글로벌 인증기관서 항균·항곰팡이 검증 전문성 인정 받아",삼성전자
171,"삼성전자 '에코라이프랩', 글로벌 인증기관에서 미생물 시험소 인증",삼성전자
172,"애플 제친 삼성, 3분기 美 스마트폰 1위",삼성전자
173,"검찰, ‘삼성바이오 분식회계’ 삼정KPMG 및 회계사 기소",삼성전자
174,"삼성, 애플 제치고 3년 만에 美 스마트폰 시장 1위...점유율 34%",삼성전자
175,"재판부, 삼성준법감시위 전문심리위원 '강일원·김경수·홍순탁' 지정",삼성전자
176,"삼성전자 소비자 환경까지 고려, '에코라이프랩' 글로벌 미생물 시험소 인증",삼성전자
177,삼성 준법감시 평가 전문위원에 강일원 전 헌법재판관 등 3명 지정,삼성전자
178,무노조 경영 종식 선언에도..삼성 노사관계 ‘파열음’ 지속,삼성전자
179,"삼성전자 주가 제자리걸음, SK하이닉스 주가는 소폭 상승",삼성전자
180,"삼성전자 에코라이프랩, 글로벌 인증기관서 미생물 시험소 인증",삼성전자
181,"삼성전자 에코라이프랩, 독일 미생물 시험소로 '지정'",삼성전자
182,‘삼성 준법감시위’ 평가 전문위원에 강일원-홍순탁-김경수 지정,삼성전자
183,"삼성전자 '에코라이프랩', 글로벌 인증기관에서 미생물 시험소 인증",삼성전자
184,삼성 준법감시 평가 전문위원에 강일원 전 헌법재판관 등 3명 지정,삼성전자
185,"삼성전자, 3분기 미국 스마트폰 시장 1위…애플 제쳤다",삼성전자
186,무노조 경영 종식 선언에도..삼성 노사관계 ‘파열음’ 지속,삼성전자
187,"삼성전자 주가 제자리걸음, SK하이닉스 주가는 소폭 상승",삼성전자
188,삼성 합병·승계 의혹 삼성바이오로직스 주가 '약세',삼성전자
189,"삼성, 애플 제치고 미국 시장 1위... 2017년 2분기 이후 3년만",삼성전자
